image_path,target,ext,fold
leaf_rust/UL35NF.png,0,png,3.0
leaf_rust/NSG1IH.png,0,png,4.0
leaf_rust/8Q4V5Y.png,0,png,2.0
leaf_rust/ESVFTK.png,0,png,0.0
leaf_rust/AM369S.png,0,png,3.0
leaf_rust/2Y27GQ.png,0,png,0.0
leaf_rust/8ZIQO3.png,0,png,1.0
leaf_rust/XL8JYZ.png,0,png,1.0
leaf_rust/HIYN7I.png,0,png,3.0
leaf_rust/YWGB88.png,0,png,0.0
leaf_rust/AERDW6.png,0,png,1.0
leaf_rust/NWYA7Q.png,0,png,2.0
leaf_rust/YNVMI7.png,0,png,3.0
leaf_rust/SJSVO0.png,0,png,4.0
leaf_rust/7ZK6AD.png,0,png,3.0
leaf_rust/NJYIEE.png,0,png,0.0
leaf_rust/RDQF0Q.png,0,png,1.0
leaf_rust/ETPVUI.png,0,png,1.0
leaf_rust/USXKL2.png,0,png,1.0
leaf_rust/PE7CXT.png,0,png,1.0
leaf_rust/7NK9AN.png,0,png,4.0
leaf_rust/N8YT33.png,0,png,4.0
leaf_rust/85MTOL.png,0,png,0.0
leaf_rust/I11B5N.png,0,png,2.0
leaf_rust/ZKLSUX.png,0,png,1.0
leaf_rust/DEHP6H.png,0,png,0.0
leaf_rust/DRJSUR.png,0,png,3.0
leaf_rust/I9SSTW.png,0,png,3.0
leaf_rust/M56ORX.png,0,png,3.0
leaf_rust/VY0ZOQ.png,0,png,2.0
leaf_rust/AVI32D.png,0,png,0.0
leaf_rust/D5PGB3.png,0,png,1.0
leaf_rust/Z2L2AO.png,0,png,3.0
leaf_rust/03JUX3.png,0,png,0.0
leaf_rust/EW97KQ.png,0,png,4.0
leaf_rust/3J5833.png,0,png,3.0
leaf_rust/SI3VZW.png,0,png,1.0
leaf_rust/GZQN3S.png,0,png,2.0
leaf_rust/6MCD3S.png,0,png,2.0
leaf_rust/LL75XT.png,0,png,0.0
leaf_rust/HH89SE.png,0,png,3.0
leaf_rust/35K36X.png,0,png,3.0
leaf_rust/EY85XM.png,0,png,0.0
leaf_rust/UBR48B.png,0,png,4.0
leaf_rust/QJY255.png,0,png,2.0
leaf_rust/N7CLD1.png,0,png,0.0
leaf_rust/ZZFXJM.png,0,png,0.0
leaf_rust/P9362V.png,0,png,3.0
leaf_rust/91NL9S.png,0,png,4.0
leaf_rust/M0ILRH.png,0,png,4.0
leaf_rust/2LNW3I.png,0,png,4.0
leaf_rust/MDG5X6.png,0,png,3.0
leaf_rust/IUBFHR.png,0,png,4.0
leaf_rust/1EJACP.png,0,png,4.0
leaf_rust/2D0SXV.png,0,png,4.0
leaf_rust/WRCRVM.png,0,png,0.0
leaf_rust/IOVN1Z.png,0,png,0.0
leaf_rust/MRCH2D.png,0,png,0.0
leaf_rust/LW1FDD.png,0,png,4.0
leaf_rust/0ZMQRS.png,0,png,1.0
leaf_rust/4XQEM2.png,0,png,1.0
leaf_rust/Q5Z10Q.png,0,png,3.0
leaf_rust/GIYV8B.png,0,png,3.0
leaf_rust/IPRUZ7.png,0,png,0.0
leaf_rust/R4UZMJ.png,0,png,3.0
leaf_rust/1Z2P44.png,0,png,3.0
leaf_rust/1JF4M4.png,0,png,1.0
leaf_rust/8XR87D.png,0,png,2.0
leaf_rust/6S29JV.png,0,png,2.0
leaf_rust/XL21K8.png,0,png,2.0
leaf_rust/K2KIE8.png,0,png,3.0
leaf_rust/I55RPY.png,0,png,4.0
leaf_rust/BUECLC.png,0,png,0.0
leaf_rust/I8HQGB.png,0,png,0.0
leaf_rust/V35M9N.png,0,png,2.0
leaf_rust/W56FTE.png,0,png,1.0
leaf_rust/5PNZRU.png,0,png,0.0
leaf_rust/CDGE8K.png,0,png,0.0
leaf_rust/QNDFZN.png,0,png,0.0
leaf_rust/CHY59U.png,0,png,1.0
leaf_rust/QSOJNJ.png,0,png,4.0
leaf_rust/W6WEQV.png,0,png,1.0
leaf_rust/9AEUF2.png,0,png,0.0
leaf_rust/FHZTQ9.png,0,png,2.0
leaf_rust/K6IUZW.png,0,png,0.0
leaf_rust/0SFXM4.png,0,png,3.0
leaf_rust/WPT39P.png,0,png,2.0
leaf_rust/NFHK6I.png,0,png,4.0
leaf_rust/S1KKJT.png,0,png,4.0
leaf_rust/46GW2Y.png,0,png,3.0
leaf_rust/PGSLPC.png,0,png,0.0
leaf_rust/CU1Z91.png,0,png,4.0
leaf_rust/HNDRV1.png,0,png,2.0
leaf_rust/F7B6FL.png,0,png,0.0
leaf_rust/0DEA0V.png,0,png,0.0
leaf_rust/1TON58.png,0,png,3.0
leaf_rust/KX4NN0.png,0,png,2.0
leaf_rust/DTL2GK.png,0,png,2.0
leaf_rust/5UARHB.png,0,png,3.0
leaf_rust/CN42FG.png,0,png,4.0
leaf_rust/XGXKYD.png,0,png,3.0
leaf_rust/XGQH0X.png,0,png,1.0
leaf_rust/DLK2JF.png,0,png,4.0
leaf_rust/C25GLO.png,0,png,1.0
leaf_rust/F454R9.png,0,png,1.0
leaf_rust/7X8ZKT.png,0,png,4.0
leaf_rust/X7VO5R.png,0,png,4.0
leaf_rust/IRVFRA.png,0,png,2.0
leaf_rust/57O8CF.png,0,png,0.0
leaf_rust/4NABU3.png,0,png,1.0
leaf_rust/5QLT82.png,0,png,1.0
leaf_rust/HN3EVU.png,0,png,1.0
leaf_rust/ZGSC2J.png,0,png,2.0
leaf_rust/QR12E2.png,0,png,0.0
leaf_rust/392Z3F.png,0,png,1.0
leaf_rust/XLM65F.png,0,png,2.0
leaf_rust/6616DF.png,0,png,0.0
leaf_rust/RZCVJT.png,0,png,2.0
leaf_rust/39MD1S.png,0,png,1.0
leaf_rust/UTUIN4.png,0,png,0.0
leaf_rust/LBIX7Q.png,0,png,2.0
leaf_rust/4AGHVR.png,0,png,4.0
leaf_rust/LWJ8WJ.png,0,png,2.0
leaf_rust/ESRNRH.png,0,png,3.0
leaf_rust/K1TXKT.png,0,png,0.0
leaf_rust/10E2V7.png,0,png,2.0
leaf_rust/2ECI4X.png,0,png,0.0
leaf_rust/KSXTB3.png,0,png,2.0
leaf_rust/QNDENX.png,0,png,3.0
leaf_rust/3XB3N4.png,0,png,2.0
leaf_rust/GJFBJA.png,0,png,4.0
leaf_rust/M3T8YX.png,0,png,3.0
leaf_rust/XBPTGT.png,0,png,1.0
leaf_rust/WJN651.png,0,png,2.0
leaf_rust/Q22X4X.png,0,png,4.0
leaf_rust/209QWE.png,0,png,3.0
leaf_rust/7KLUT5.png,0,png,3.0
leaf_rust/JDOHI8.png,0,png,1.0
leaf_rust/Q84CBV.png,0,png,3.0
leaf_rust/CVL5BO.png,0,png,0.0
leaf_rust/LHTBF1.png,0,png,0.0
leaf_rust/7LQK3F.png,0,png,3.0
leaf_rust/YVFWPK.png,0,png,3.0
leaf_rust/IEZ5DW.png,0,png,2.0
leaf_rust/M6WFHJ.png,0,png,2.0
leaf_rust/UIVUSB.png,0,png,1.0
leaf_rust/D13IJI.png,0,png,2.0
leaf_rust/TIZBDT.png,0,png,0.0
leaf_rust/772Q9Y.png,0,png,0.0
leaf_rust/1DV8YN.png,0,png,4.0
leaf_rust/5HIOBT.png,0,png,3.0
leaf_rust/IIHVXF.png,0,png,4.0
leaf_rust/XIDT40.png,0,png,1.0
leaf_rust/8K4OWH.png,0,png,1.0
leaf_rust/5C3950.png,0,png,2.0
leaf_rust/GM4WSG.png,0,png,1.0
leaf_rust/9BEZ15.png,0,png,3.0
leaf_rust/1PE28T.png,0,png,0.0
leaf_rust/G1ZQD1.png,0,png,1.0
leaf_rust/10AFS6.png,0,png,3.0
leaf_rust/KB6UJ7.png,0,png,4.0
leaf_rust/QWMIFP.png,0,png,4.0
leaf_rust/OW5KPJ.png,0,png,3.0
leaf_rust/AP1SAL.png,0,png,1.0
leaf_rust/GR59IW.png,0,png,2.0
leaf_rust/E8FCUS.png,0,png,1.0
leaf_rust/FA0EDN.png,0,png,4.0
leaf_rust/H01KY9.png,0,png,1.0
leaf_rust/BK1GNK.png,0,png,1.0
leaf_rust/HK3PHP.png,0,png,4.0
leaf_rust/6MF7K3.png,0,png,3.0
leaf_rust/MAPKID.png,0,png,3.0
leaf_rust/H51PAY.png,0,png,2.0
leaf_rust/Y1OCV6.png,0,png,1.0
leaf_rust/1UJRRG.png,0,png,4.0
leaf_rust/6BZC85.png,0,png,1.0
leaf_rust/PYMK1M.png,0,png,1.0
leaf_rust/MXU8AZ.png,0,png,1.0
leaf_rust/AH3RLW.png,0,png,3.0
leaf_rust/34QL3W.png,0,png,2.0
leaf_rust/SZOIRZ.png,0,png,2.0
leaf_rust/OG4J15.png,0,png,1.0
leaf_rust/76FFDO.png,0,png,0.0
leaf_rust/A6U5K9.png,0,png,1.0
leaf_rust/VCBKV0.png,0,png,2.0
leaf_rust/GUOSF7.png,0,png,0.0
leaf_rust/JRDHFM.png,0,png,3.0
leaf_rust/82T4LM.png,0,png,4.0
leaf_rust/1ETABC.png,0,png,4.0
leaf_rust/C25QRM.png,0,png,4.0
leaf_rust/DHNL92.png,0,png,4.0
leaf_rust/VXAJXV.png,0,png,4.0
leaf_rust/IEWYAC.png,0,png,3.0
leaf_rust/JHKU1U.png,0,png,2.0
leaf_rust/AFUJHR.png,0,png,2.0
leaf_rust/N5VHOY.png,0,png,0.0
leaf_rust/GTGORY.png,0,png,2.0
leaf_rust/VQGPO4.png,0,png,0.0
leaf_rust/6IW1HK.png,0,png,2.0
leaf_rust/T0C1CQ.png,0,png,2.0
leaf_rust/EGGGXN.png,0,png,3.0
leaf_rust/SL8C30.png,0,png,4.0
leaf_rust/4CLEBJ.png,0,png,1.0
leaf_rust/HH7VUL.png,0,png,1.0
leaf_rust/OLL4DP.png,0,png,3.0
leaf_rust/OM7PN0.png,0,png,4.0
leaf_rust/DM9JJ4.png,0,png,3.0
leaf_rust/FVQOKA.png,0,png,4.0
leaf_rust/8WGAGZ.png,0,png,0.0
leaf_rust/QLWL6Y.png,0,png,0.0
leaf_rust/N8IZHC.png,0,png,2.0
leaf_rust/IBPWH7.png,0,png,1.0
leaf_rust/FQZI2R.png,0,png,4.0
leaf_rust/DP7NNX.png,0,png,3.0
leaf_rust/P6X49P.png,0,png,4.0
leaf_rust/ZPDG7D.png,0,png,3.0
leaf_rust/U79ACG.png,0,png,3.0
leaf_rust/5A0INM.png,0,png,4.0
leaf_rust/SFGBTU.png,0,png,0.0
leaf_rust/2SDHKR.png,0,png,1.0
leaf_rust/SR3QZW.png,0,png,0.0
leaf_rust/WO1JVR.png,0,png,3.0
leaf_rust/N08DX6.png,0,png,0.0
leaf_rust/93ML3M.png,0,png,1.0
leaf_rust/T4PTSX.png,0,png,0.0
leaf_rust/WALGOP.png,0,png,2.0
leaf_rust/L31ZYT.png,0,png,3.0
leaf_rust/XG2I75.png,0,png,1.0
leaf_rust/W4A95N.png,0,png,2.0
leaf_rust/SNIXDK.png,0,png,0.0
leaf_rust/DY6IE7.png,0,png,3.0
leaf_rust/LPUQZ3.png,0,png,2.0
leaf_rust/PCMZC6.png,0,png,2.0
leaf_rust/6V9W4D.png,0,png,3.0
leaf_rust/274LI8.png,0,png,0.0
leaf_rust/1VGQWX.png,0,png,4.0
leaf_rust/LDZZ1L.png,0,png,4.0
leaf_rust/K132UQ.png,0,png,2.0
leaf_rust/QUQYBO.png,0,png,1.0
leaf_rust/P147BO.png,0,png,1.0
leaf_rust/6XP8HI.png,0,png,0.0
leaf_rust/HDY3Q8.png,0,png,4.0
leaf_rust/VPWSN2.png,0,png,2.0
leaf_rust/CEVUE3.png,0,png,4.0
leaf_rust/V2AEGW.png,0,png,2.0
leaf_rust/2XML6U.png,0,png,0.0
leaf_rust/YD3U5Q.png,0,png,3.0
leaf_rust/B979CG.png,0,png,2.0
leaf_rust/CV8N7R.png,0,png,0.0
leaf_rust/AQSNJV.png,0,png,1.0
leaf_rust/Q41XT0.png,0,png,2.0
leaf_rust/PAO1SW.png,0,png,4.0
leaf_rust/MYT9HK.png,0,png,4.0
leaf_rust/D65OG9.png,0,png,2.0
leaf_rust/3YFH9A.png,0,png,0.0
leaf_rust/WMDHS9.png,0,png,1.0
leaf_rust/W6DPGR.png,0,png,1.0
leaf_rust/6Q646B.png,0,png,4.0
leaf_rust/PXDNTX.png,0,png,2.0
leaf_rust/LIJGDQ.png,0,png,4.0
leaf_rust/Z0WJ1I.png,0,png,3.0
leaf_rust/MM0NJB.png,0,png,2.0
leaf_rust/6594KX.png,0,png,1.0
leaf_rust/MGW6KB.png,0,png,4.0
leaf_rust/T5VD54.png,0,png,4.0
leaf_rust/1G2K6F.png,0,png,0.0
leaf_rust/SS98C9.png,0,png,3.0
leaf_rust/GCQPB4.png,0,png,1.0
leaf_rust/FNOMOO.png,0,png,3.0
leaf_rust/TEWXBG.png,0,png,4.0
leaf_rust/YL98WR.png,0,png,4.0
leaf_rust/WESD5J.png,0,png,2.0
leaf_rust/EANNBM.png,0,png,2.0
leaf_rust/507S26.png,0,png,4.0
leaf_rust/94FX3I.png,0,png,0.0
leaf_rust/EE7W88.png,0,png,2.0
leaf_rust/Y5F2K2.png,0,png,4.0
leaf_rust/GNJ5IO.png,0,png,0.0
leaf_rust/RCHIOR.png,0,png,3.0
leaf_rust/LLHLQN.png,0,png,3.0
leaf_rust/GNJ5MY.png,0,png,3.0
leaf_rust/RNZSNN.png,0,png,0.0
leaf_rust/ZX44PV.png,0,png,1.0
leaf_rust/BX298Q.png,0,png,1.0
leaf_rust/IE6C1W.png,0,png,1.0
leaf_rust/RQXIWH.png,0,png,2.0
leaf_rust/00VVPB.png,0,png,2.0
leaf_rust/ZZ0S2X.png,0,png,0.0
leaf_rust/X557ND.png,0,png,1.0
leaf_rust/63TBD5.png,0,png,2.0
leaf_rust/BH9GXF.png,0,png,3.0
leaf_rust/6JRBHF.png,0,png,0.0
leaf_rust/SVKFBF.png,0,png,0.0
leaf_rust/LJR49N.png,0,png,4.0
leaf_rust/IXRCZL.png,0,png,0.0
leaf_rust/9R24TP.png,0,png,1.0
leaf_rust/G7IG7A.png,0,png,2.0
leaf_rust/7KMEN7.png,0,png,3.0
leaf_rust/6LDDZP.png,0,png,1.0
leaf_rust/ANFXXI.png,0,png,1.0
leaf_rust/XVTYNS.png,0,png,0.0
leaf_rust/ZEJJEC.png,0,png,2.0
leaf_rust/66CDMF.png,0,png,2.0
leaf_rust/X34VGB.png,0,png,0.0
leaf_rust/7IIMFZ.png,0,png,3.0
leaf_rust/2JE5S8.png,0,png,3.0
leaf_rust/AVFGNY.png,0,png,4.0
leaf_rust/O1CPO8.png,0,png,1.0
leaf_rust/TRRES0.png,0,png,4.0
leaf_rust/0FX4J2.png,0,png,3.0
leaf_rust/RSZ63C.png,0,png,2.0
leaf_rust/KH2FYR.png,0,png,1.0
leaf_rust/2EXVIL.png,0,png,1.0
leaf_rust/M1GMBO.png,0,png,4.0
leaf_rust/KQF7CH.png,0,png,3.0
leaf_rust/VI0BFY.png,0,png,2.0
leaf_rust/92C0OY.png,0,png,1.0
leaf_rust/DKXA9W.png,0,png,3.0
leaf_rust/C6VM7G.png,0,png,3.0
leaf_rust/83HZBW.png,0,png,4.0
leaf_rust/1I3ADK.png,0,png,3.0
leaf_rust/M6X1CL.png,0,png,2.0
leaf_rust/KBOWUM.png,0,png,0.0
leaf_rust/FGVWJ9.png,0,png,2.0
leaf_rust/0W9XLD.png,0,png,3.0
leaf_rust/Q3G3AG.png,0,png,4.0
leaf_rust/3WPXWE.png,0,png,4.0
leaf_rust/SYFMCP.png,0,png,3.0
leaf_rust/56N2ZN.png,0,png,3.0
leaf_rust/XMR977.png,0,png,2.0
leaf_rust/PTAWZS.png,0,png,4.0
leaf_rust/G7BN81.png,0,png,0.0
leaf_rust/1BN9TC.png,0,png,2.0
leaf_rust/7V5AZ4.png,0,png,1.0
leaf_rust/K47X6B.png,0,png,1.0
leaf_rust/ABWB11.png,0,png,0.0
leaf_rust/QNSLVT.png,0,png,1.0
leaf_rust/RVYL61.png,0,png,1.0
leaf_rust/OSGBUW.png,0,png,0.0
leaf_rust/NA5H5U.png,0,png,2.0
leaf_rust/ZRFMHE.png,0,png,2.0
leaf_rust/RVMAIV.png,0,png,1.0
leaf_rust/MBR2HF.png,0,png,4.0
leaf_rust/8PMCCH.png,0,png,2.0
leaf_rust/Y5CD5T.png,0,png,0.0
leaf_rust/R8QU8G.png,0,png,0.0
leaf_rust/C65MAC.png,0,png,0.0
leaf_rust/BUCKBW.png,0,png,4.0
leaf_rust/PMDLCY.png,0,png,4.0
leaf_rust/GZ7ZQ9.png,0,png,3.0
leaf_rust/Q7H6UZ.png,0,png,4.0
leaf_rust/CV1X36.png,0,png,1.0
leaf_rust/L9X0VQ.png,0,png,1.0
leaf_rust/EGCJD3.png,0,png,0.0
leaf_rust/WI3HNQ.png,0,png,4.0
leaf_rust/83RYYY.png,0,png,0.0
leaf_rust/T5ZEMM.png,0,png,4.0
healthy_wheat/E7W6KS.png,1,png,2.0
healthy_wheat/SVTYF9.png,1,png,1.0
healthy_wheat/0O5BON.png,1,png,0.0
healthy_wheat/R1GKEP.png,1,png,1.0
healthy_wheat/TT74SN.png,1,png,3.0
healthy_wheat/QJI3IC.png,1,png,3.0
healthy_wheat/AZXBR9.png,1,png,0.0
healthy_wheat/3OKS1S.png,1,png,4.0
healthy_wheat/T7FPBO.png,1,png,3.0
healthy_wheat/D55G9F.png,1,png,1.0
healthy_wheat/89HHA3.png,1,png,0.0
healthy_wheat/AQKHOK.png,1,png,2.0
healthy_wheat/TTIIYZ.png,1,png,3.0
healthy_wheat/NH4TNJ.png,1,png,0.0
healthy_wheat/E5HXTR.png,1,png,4.0
healthy_wheat/A1U68I.png,1,png,3.0
healthy_wheat/C5BGP5.png,1,png,3.0
healthy_wheat/SJ54T5.png,1,png,0.0
healthy_wheat/NARWXK.png,1,png,3.0
healthy_wheat/PLB5JZ.png,1,png,4.0
healthy_wheat/6ZB3R6.png,1,png,2.0
healthy_wheat/QHU0JC.png,1,png,2.0
healthy_wheat/33J5MM.png,1,png,3.0
healthy_wheat/6T5756.png,1,png,1.0
healthy_wheat/FXWFGU.png,1,png,0.0
healthy_wheat/E56FF6.png,1,png,2.0
healthy_wheat/MW2YLX.png,1,png,1.0
healthy_wheat/TZCKHA.png,1,png,1.0
healthy_wheat/8S36C7.png,1,png,2.0
healthy_wheat/7RGDDG.png,1,png,3.0
healthy_wheat/PGA3WH.png,1,png,1.0
healthy_wheat/OMO7JG.png,1,png,4.0
healthy_wheat/75H6R9.png,1,png,1.0
healthy_wheat/FSES5U.png,1,png,2.0
healthy_wheat/O9Y0Z8.png,1,png,0.0
healthy_wheat/LVJTB0.png,1,png,4.0
healthy_wheat/R7MQ3K.png,1,png,1.0
healthy_wheat/N8O0C1.png,1,png,0.0
healthy_wheat/M0B7CV.png,1,png,2.0
healthy_wheat/6BNDTJ.png,1,png,3.0
healthy_wheat/8NB5J3.png,1,png,0.0
healthy_wheat/WUAVW0.png,1,png,4.0
healthy_wheat/76FZWH.png,1,png,1.0
healthy_wheat/AV7FQ8.png,1,png,0.0
healthy_wheat/FC45DX.png,1,png,0.0
healthy_wheat/Q4FJSU.png,1,png,1.0
healthy_wheat/SG6EGQ.png,1,png,3.0
healthy_wheat/3FAKM2.png,1,png,2.0
healthy_wheat/1NX3ZC.png,1,png,4.0
healthy_wheat/FU88R0.png,1,png,0.0
healthy_wheat/U0P84E.png,1,png,4.0
healthy_wheat/DKP3ZM.png,1,png,4.0
healthy_wheat/7KUFEH.png,1,png,4.0
healthy_wheat/I9JOL9.png,1,png,4.0
healthy_wheat/56APML.png,1,png,3.0
healthy_wheat/HD6Z5L.png,1,png,0.0
healthy_wheat/6D89ME.png,1,png,2.0
healthy_wheat/5WTM0W.png,1,png,4.0
healthy_wheat/QUBMQI.png,1,png,1.0
healthy_wheat/C9IXFE.png,1,png,4.0
healthy_wheat/H75C3Z.png,1,png,2.0
healthy_wheat/T9DUFH.png,1,png,3.0
healthy_wheat/V99L6E.png,1,png,4.0
healthy_wheat/HF3I9B.png,1,png,2.0
healthy_wheat/DOOEWE.png,1,png,4.0
healthy_wheat/6JXL0N.png,1,png,4.0
healthy_wheat/SWPUMU.png,1,png,2.0
healthy_wheat/1LNMUQ.png,1,png,3.0
healthy_wheat/PK4O6O.png,1,png,2.0
healthy_wheat/IRWU5H.png,1,png,4.0
healthy_wheat/9ZEVXL.png,1,png,2.0
healthy_wheat/HNUJLZ.png,1,png,2.0
healthy_wheat/WGJ7NJ.png,1,png,1.0
healthy_wheat/8HQY88.png,1,png,0.0
healthy_wheat/QJGRTR.png,1,png,0.0
healthy_wheat/DJO3I3.png,1,png,0.0
healthy_wheat/V1H2XE.png,1,png,2.0
healthy_wheat/LKI9UG.png,1,png,0.0
healthy_wheat/IXCBUE.png,1,png,2.0
healthy_wheat/CHJDTJ.png,1,png,1.0
healthy_wheat/508FIK.png,1,png,2.0
healthy_wheat/TG11GG.png,1,png,1.0
healthy_wheat/3Q0E0P.png,1,png,2.0
healthy_wheat/UP8NAQ.png,1,png,1.0
healthy_wheat/R2EUB2.png,1,png,2.0
healthy_wheat/C572GK.png,1,png,4.0
healthy_wheat/4YI63K.png,1,png,0.0
healthy_wheat/C0KF9A.png,1,png,1.0
healthy_wheat/JXN0ZP.png,1,png,2.0
healthy_wheat/TBI0WV.png,1,png,3.0
healthy_wheat/WKOFOG.png,1,png,0.0
healthy_wheat/JC97RE.png,1,png,4.0
healthy_wheat/67AESM.png,1,png,2.0
healthy_wheat/XTVZ0E.png,1,png,3.0
healthy_wheat/DSZYA9.png,1,png,2.0
healthy_wheat/UP510H.png,1,png,3.0
healthy_wheat/5FSDEI.png,1,png,4.0
healthy_wheat/RFB2JA.png,1,png,4.0
healthy_wheat/F44CKW.png,1,png,3.0
healthy_wheat/DCYAQH.png,1,png,2.0
healthy_wheat/UOZCDJ.png,1,png,4.0
healthy_wheat/VLXEK6.png,1,png,0.0
healthy_wheat/ICK7X2.png,1,png,3.0
healthy_wheat/0PFX47.png,1,png,0.0
healthy_wheat/2KS7HG.png,1,png,2.0
healthy_wheat/4DMP66.png,1,png,1.0
healthy_wheat/J1R9Z1.png,1,png,4.0
healthy_wheat/K4BR5D.png,1,png,3.0
healthy_wheat/GKK6S3.png,1,png,1.0
healthy_wheat/M97WV0.png,1,png,3.0
healthy_wheat/74ZPA9.png,1,png,1.0
healthy_wheat/K68ZMD.png,1,png,0.0
healthy_wheat/MEWKD5.png,1,png,3.0
healthy_wheat/HV8FS9.png,1,png,0.0
healthy_wheat/5HV6KU.png,1,png,4.0
healthy_wheat/NQ15I3.png,1,png,0.0
healthy_wheat/Y6OVRX.png,1,png,3.0
healthy_wheat/DJVBU8.png,1,png,0.0
healthy_wheat/CHT342.png,1,png,3.0
healthy_wheat/ZTXKZU.png,1,png,0.0
healthy_wheat/3C82ZM.png,1,png,1.0
healthy_wheat/3GTKZJ.png,1,png,0.0
healthy_wheat/IL9FCV.png,1,png,0.0
healthy_wheat/ZB9CAK.png,1,png,1.0
healthy_wheat/341R1E.png,1,png,4.0
healthy_wheat/03TD19.png,1,png,0.0
healthy_wheat/7ITAYE.png,1,png,1.0
healthy_wheat/NP6250.png,1,png,3.0
healthy_wheat/CQPOHG.png,1,png,4.0
healthy_wheat/JNFAO1.png,1,png,3.0
healthy_wheat/8GXR21.png,1,png,3.0
healthy_wheat/EJ8295.png,1,png,2.0
healthy_wheat/VV0ZC5.png,1,png,4.0
healthy_wheat/EBMMCD.png,1,png,1.0
healthy_wheat/OV44OF.png,1,png,1.0
healthy_wheat/CHGSLB.png,1,png,1.0
healthy_wheat/0LBIWV.png,1,png,3.0
healthy_wheat/OAHCEM.png,1,png,1.0
healthy_wheat/JQ07E6.png,1,png,4.0
healthy_wheat/S0V7NA.png,1,png,1.0
healthy_wheat/47NUVM.png,1,png,1.0
healthy_wheat/3VZ47F.png,1,png,2.0
stem_rust/E124SH.png,2,png,3.0
stem_rust/J4FNMC.png,2,png,0.0
stem_rust/DR8HQ5.png,2,png,3.0
stem_rust/OPVLP6.png,2,png,2.0
stem_rust/WJVMRG.png,2,png,3.0
stem_rust/05LO15.png,2,png,2.0
stem_rust/UZY77Z.png,2,png,4.0
stem_rust/DLZR23.png,2,png,3.0
stem_rust/2S1S24.png,2,png,4.0
stem_rust/W0Z4IL.png,2,png,2.0
stem_rust/B3QEKK.png,2,png,2.0
stem_rust/VH1QHY.png,2,png,3.0
stem_rust/ISRIWC.png,2,png,4.0
stem_rust/JZYU18.png,2,png,3.0
stem_rust/TFXZFC.png,2,png,0.0
stem_rust/5I6K76.png,2,png,3.0
stem_rust/CUJLRV.png,2,png,1.0
stem_rust/ES3PVH.png,2,png,0.0
stem_rust/GRW86Y.png,2,png,4.0
stem_rust/FLY31D.png,2,png,3.0
stem_rust/Q5W30V.png,2,png,1.0
stem_rust/7LKQ7F.png,2,png,0.0
stem_rust/4QWVMD.png,2,png,2.0
stem_rust/4PS17R.png,2,png,0.0
stem_rust/10B6P0.png,2,png,4.0
stem_rust/MME6MZ.png,2,png,2.0
stem_rust/2593U0.png,2,png,2.0
stem_rust/L8ZRQS.png,2,png,2.0
stem_rust/KQQQ9G.png,2,png,3.0
stem_rust/31LDUR.png,2,png,2.0
stem_rust/PVR11X.png,2,png,0.0
stem_rust/ORCKG3.png,2,png,2.0
stem_rust/H1ZJPM.png,2,png,2.0
stem_rust/A2CRSS.png,2,png,2.0
stem_rust/0XEGW3.png,2,png,2.0
stem_rust/SN8O41.png,2,png,4.0
stem_rust/9C1MPX.png,2,png,4.0
stem_rust/Z2FBRE.png,2,png,1.0
stem_rust/E2TWPA.png,2,png,4.0
stem_rust/6U3J0O.png,2,png,0.0
stem_rust/JFDUOK.png,2,png,2.0
stem_rust/C2WG16.png,2,png,4.0
stem_rust/2TUOEI.png,2,png,1.0
stem_rust/MO9MOB.png,2,png,3.0
stem_rust/619L2N.png,2,png,0.0
stem_rust/ICY8JX.png,2,png,2.0
stem_rust/B48JP3.png,2,png,3.0
stem_rust/V2K7M9.png,2,png,0.0
stem_rust/P10VUX.png,2,png,3.0
stem_rust/HQF2QD.png,2,png,1.0
stem_rust/3NNNOP.png,2,png,2.0
stem_rust/WQG8SV.png,2,png,4.0
stem_rust/0WP9LS.png,2,png,4.0
stem_rust/USE5QD.png,2,png,3.0
stem_rust/F8NX3J.png,2,png,2.0
stem_rust/U2V5YV.png,2,png,2.0
stem_rust/9PBQ07.png,2,png,4.0
stem_rust/ZCBE0P.png,2,png,3.0
stem_rust/8C5O5M.png,2,png,2.0
stem_rust/YEB368.png,2,png,2.0
stem_rust/290O3O.png,2,png,1.0
stem_rust/5V92FO.png,2,png,4.0
stem_rust/H7KBSS.png,2,png,2.0
stem_rust/OBZCMJ.png,2,png,0.0
stem_rust/DCPYGG.png,2,png,2.0
stem_rust/LBP6L0.png,2,png,1.0
stem_rust/2W9RXO.png,2,png,1.0
stem_rust/SSLCB0.png,2,png,0.0
stem_rust/XFPZY5.png,2,png,4.0
stem_rust/V58S56.png,2,png,3.0
stem_rust/ZGFMHX.png,2,png,0.0
stem_rust/3RK10Q.png,2,png,1.0
stem_rust/PMKBPT.png,2,png,0.0
stem_rust/MAHVH5.png,2,png,4.0
stem_rust/U79432.png,2,png,4.0
stem_rust/ZF5LOB.png,2,png,4.0
stem_rust/OP6DI8.png,2,png,1.0
stem_rust/BXR80S.png,2,png,2.0
stem_rust/X39Q4J.png,2,png,1.0
stem_rust/0HA9AT.png,2,png,3.0
stem_rust/VLL64L.png,2,png,1.0
stem_rust/RZ8UVN.png,2,png,2.0
stem_rust/E0TIID.png,2,png,2.0
stem_rust/IHTFG4.png,2,png,4.0
stem_rust/JTBRNK.png,2,png,2.0
stem_rust/GEKOQ6.png,2,png,2.0
stem_rust/PTY2DZ.png,2,png,1.0
stem_rust/NOEZ1J.png,2,png,1.0
stem_rust/XUDDKP.png,2,png,0.0
stem_rust/H7EWAR.png,2,png,2.0
stem_rust/K2PW6W.png,2,png,3.0
stem_rust/W64VJ1.png,2,png,2.0
stem_rust/WFESL1.png,2,png,0.0
stem_rust/QWIV2J.png,2,png,0.0
stem_rust/3YKSFB.png,2,png,2.0
stem_rust/HJS1GK.png,2,png,4.0
stem_rust/Q19P3U.png,2,png,1.0
stem_rust/P2S5BW.png,2,png,2.0
stem_rust/4D5Z4N.png,2,png,4.0
stem_rust/L54H4D.png,2,png,4.0
stem_rust/VDO10F.png,2,png,2.0
stem_rust/KQ0EOU.png,2,png,3.0
stem_rust/6N1U85.png,2,png,1.0
stem_rust/TQGJON.png,2,png,0.0
stem_rust/ZVTLRJ.png,2,png,4.0
stem_rust/IFQPSK.png,2,png,1.0
stem_rust/XJEAUE.png,2,png,0.0
stem_rust/00LAS4.png,2,png,0.0
stem_rust/7AJXG3.png,2,png,4.0
stem_rust/IGF54E.png,2,png,2.0
stem_rust/VYXJQ6.png,2,png,1.0
stem_rust/0CXDTY.png,2,png,1.0
stem_rust/84ABKR.png,2,png,2.0
stem_rust/BHWPMR.png,2,png,4.0
stem_rust/23B5BA.png,2,png,2.0
stem_rust/8WXCQY.png,2,png,0.0
stem_rust/5FWN6Q.png,2,png,3.0
stem_rust/GSL750.png,2,png,3.0
stem_rust/6JT8MO.png,2,png,2.0
stem_rust/8W7Q5X.png,2,png,0.0
stem_rust/2GLNY4.png,2,png,1.0
stem_rust/2FHYM7.png,2,png,4.0
stem_rust/ITHJH3.png,2,png,1.0
stem_rust/O03SHZ.png,2,png,1.0
stem_rust/Z0MIMM.png,2,png,0.0
stem_rust/FEKTGQ.png,2,png,3.0
stem_rust/1CQ95E.png,2,png,0.0
stem_rust/YBGSNS.png,2,png,1.0
stem_rust/PNK1XY.png,2,png,2.0
stem_rust/HYWJFJ.png,2,png,1.0
stem_rust/7QBIPY.png,2,png,1.0
stem_rust/67HP4L.png,2,png,3.0
stem_rust/2NKA0A.png,2,png,4.0
stem_rust/VGLEGG.png,2,png,3.0
stem_rust/6E4H6K.png,2,png,1.0
stem_rust/B5CJV4.png,2,png,3.0
stem_rust/GXFMJU.png,2,png,1.0
stem_rust/YNZ7GB.png,2,png,1.0
stem_rust/JVF70C.png,2,png,0.0
stem_rust/ERFTDP.png,2,png,0.0
stem_rust/O0DG7Q.png,2,png,4.0
stem_rust/M3RARK.png,2,png,0.0
stem_rust/G1IBLV.png,2,png,3.0
stem_rust/AFCENX.png,2,png,4.0
stem_rust/XW6EIA.png,2,png,3.0
stem_rust/N1H2TZ.png,2,png,4.0
stem_rust/A0O1E2.png,2,png,3.0
stem_rust/PDG8PU.png,2,png,3.0
stem_rust/D9D9YO.png,2,png,3.0
stem_rust/5A8EHD.png,2,png,0.0
stem_rust/AS8AIF.png,2,png,4.0
stem_rust/9TV1CN.png,2,png,4.0
stem_rust/9SLSPS.png,2,png,2.0
stem_rust/JATLQY.png,2,png,1.0
stem_rust/4BV3KD.png,2,png,2.0
stem_rust/U1MXOH.png,2,png,3.0
stem_rust/3AE5IC.png,2,png,2.0
stem_rust/ZQMHZZ.png,2,png,1.0
stem_rust/D3IETN.png,2,png,3.0
stem_rust/LKM1T4.png,2,png,3.0
stem_rust/6PORQS.png,2,png,2.0
stem_rust/CEN3K6.png,2,png,1.0
stem_rust/JB8XOB.png,2,png,4.0
stem_rust/SA4IZE.png,2,png,4.0
stem_rust/8V5TRG.png,2,png,3.0
stem_rust/1NFNZD.png,2,png,1.0
stem_rust/GRVXQ7.png,2,png,3.0
stem_rust/DMFVM7.png,2,png,4.0
stem_rust/QX8QWT.png,2,png,1.0
stem_rust/3IIC89.png,2,png,4.0
stem_rust/3J2I9T.png,2,png,1.0
stem_rust/05R4FK.png,2,png,1.0
stem_rust/K5MDEY.png,2,png,3.0
stem_rust/ULWQAO.png,2,png,4.0
stem_rust/77K0S5.png,2,png,0.0
stem_rust/MSUABZ.png,2,png,0.0
stem_rust/HUYCKN.png,2,png,4.0
stem_rust/OG1EO7.png,2,png,2.0
stem_rust/TUG4XL.png,2,png,1.0
stem_rust/J3SLHK.png,2,png,1.0
stem_rust/3A2D0D.png,2,png,4.0
stem_rust/FFV2P1.png,2,png,3.0
stem_rust/2XYE4I.png,2,png,4.0
stem_rust/UT5W0J.png,2,png,0.0
stem_rust/WYZ2MA.png,2,png,3.0
stem_rust/PMP6DL.png,2,png,4.0
stem_rust/407S0R.png,2,png,4.0
stem_rust/N1HIQM.png,2,png,1.0
stem_rust/HFQCNG.png,2,png,0.0
stem_rust/OCCOMA.png,2,png,4.0
stem_rust/HMDOKP.png,2,png,3.0
stem_rust/DX9GO7.png,2,png,4.0
stem_rust/B0OGTU.png,2,png,1.0
stem_rust/DT9HU4.png,2,png,3.0
stem_rust/F1R6EO.png,2,png,1.0
stem_rust/VN2WP2.png,2,png,4.0
stem_rust/Q1K9LK.png,2,png,2.0
stem_rust/IUE37D.png,2,png,0.0
stem_rust/EI7DHC.png,2,png,0.0
stem_rust/1YHZHR.png,2,png,3.0
stem_rust/XV81OY.png,2,png,2.0
stem_rust/16DV3Z.png,2,png,3.0
stem_rust/5F1T3N.png,2,png,3.0
stem_rust/OJQAJM.png,2,png,3.0
stem_rust/69R5M3.png,2,png,2.0
stem_rust/W7KASV.png,2,png,4.0
stem_rust/KW2L1S.png,2,png,0.0
stem_rust/2ZBXWK.png,2,png,1.0
stem_rust/H0OU9P.png,2,png,0.0
stem_rust/QGWS4X.png,2,png,2.0
stem_rust/RJAAIW.png,2,png,1.0
stem_rust/CJLHTW.png,2,png,2.0
stem_rust/9M066B.png,2,png,3.0
stem_rust/TRB8EQ.png,2,png,1.0
stem_rust/M14XER.png,2,png,4.0
stem_rust/YKJAR7.png,2,png,0.0
stem_rust/DNG7B7.png,2,png,4.0
stem_rust/SR3XX6.png,2,png,0.0
stem_rust/EVC1PX.png,2,png,0.0
stem_rust/58NS1W.png,2,png,3.0
stem_rust/RHWEMM.png,2,png,4.0
stem_rust/HMBXAG.png,2,png,0.0
stem_rust/R07NK0.png,2,png,4.0
stem_rust/FIS4H9.png,2,png,4.0
stem_rust/UPBU5E.png,2,png,2.0
stem_rust/2J1PQ4.png,2,png,0.0
stem_rust/N2FW8A.png,2,png,4.0
stem_rust/93HF20.png,2,png,1.0
stem_rust/KAQWIP.png,2,png,3.0
stem_rust/7GKM8T.png,2,png,4.0
stem_rust/C903K0.png,2,png,1.0
stem_rust/A8IC6W.png,2,png,2.0
stem_rust/S544N5.png,2,png,4.0
stem_rust/G63JGO.png,2,png,1.0
stem_rust/5RG24C.png,2,png,4.0
stem_rust/7Y66S6.png,2,png,1.0
stem_rust/83AAQN.png,2,png,1.0
stem_rust/5GNWP2.png,2,png,1.0
stem_rust/N0XG6F.png,2,png,4.0
stem_rust/W3A1IP.png,2,png,0.0
stem_rust/VBVKE1.png,2,png,0.0
stem_rust/57KL9D.png,2,png,3.0
stem_rust/U32C73.png,2,png,2.0
stem_rust/3T864F.png,2,png,1.0
stem_rust/DFRU3F.png,2,png,3.0
stem_rust/RCG9YN.png,2,png,2.0
stem_rust/FGNILS.png,2,png,0.0
stem_rust/LNND12.png,2,png,1.0
stem_rust/5A1I6X.png,2,png,4.0
stem_rust/2M5IST.png,2,png,0.0
stem_rust/5SVCEN.png,2,png,1.0
stem_rust/ED09CS.png,2,png,3.0
stem_rust/V8X84U.png,2,png,4.0
stem_rust/C390MH.png,2,png,3.0
stem_rust/OLZW86.png,2,png,0.0
stem_rust/KFTIM5.png,2,png,0.0
stem_rust/YDGB6E.png,2,png,1.0
stem_rust/NJJMTF.png,2,png,2.0
stem_rust/9QSRI2.png,2,png,1.0
stem_rust/DVS7D2.png,2,png,2.0
stem_rust/EEO09F.png,2,png,3.0
stem_rust/GBJ927.png,2,png,0.0
stem_rust/FV6ZMQ.png,2,png,1.0
stem_rust/KDERDV.png,2,png,2.0
stem_rust/9SESH4.png,2,png,4.0
stem_rust/YY0XD7.png,2,png,1.0
stem_rust/Q3SN2Q.png,2,png,3.0
stem_rust/2YY03P.png,2,png,4.0
stem_rust/F7LSXE.png,2,png,0.0
stem_rust/11MFER.png,2,png,2.0
stem_rust/68K0BF.png,2,png,3.0
stem_rust/1JO0MM.png,2,png,2.0
stem_rust/R4S1SH.png,2,png,4.0
stem_rust/MLOC1X.png,2,png,3.0
stem_rust/M6HZIP.png,2,png,3.0
stem_rust/KMNLD5.png,2,png,3.0
stem_rust/ZDLMKT.png,2,png,4.0
stem_rust/CTPRGC.png,2,png,0.0
stem_rust/DAO91S.png,2,png,4.0
stem_rust/55E81Z.png,2,png,2.0
stem_rust/TYOONJ.png,2,png,3.0
stem_rust/3C8DCX.png,2,png,3.0
stem_rust/0C9AGB.png,2,png,3.0
stem_rust/GPGUYR.png,2,png,4.0
stem_rust/O4CB00.png,2,png,1.0
stem_rust/9SRYSU.png,2,png,4.0
stem_rust/SL3J76.png,2,png,1.0
stem_rust/8I7LB7.png,2,png,0.0
stem_rust/48XJPB.png,2,png,0.0
stem_rust/RVLO8S.png,2,png,3.0
stem_rust/GY5M4U.png,2,png,0.0
stem_rust/GSMGBN.png,2,png,0.0
stem_rust/UTGY8V.png,2,png,0.0
stem_rust/HDYQ8J.png,2,png,2.0
stem_rust/HIJ7QE.png,2,png,2.0
stem_rust/8MIRS1.png,2,png,1.0
stem_rust/SEKZYY.png,2,png,1.0
stem_rust/6HIBNB.png,2,png,2.0
stem_rust/5ZL92E.png,2,png,2.0
stem_rust/3ZLQWN.png,2,png,2.0
stem_rust/8I4EMC.png,2,png,1.0
stem_rust/1XKPS0.png,2,png,2.0
stem_rust/71PGO8.png,2,png,0.0
stem_rust/2BMZSY.png,2,png,3.0
stem_rust/IW5JWH.png,2,png,1.0
stem_rust/D0E3GS.png,2,png,0.0
stem_rust/11F0U1.png,2,png,0.0
stem_rust/ZF2C96.png,2,png,2.0
stem_rust/BLBE0Y.png,2,png,3.0
stem_rust/LQV40X.png,2,png,0.0
stem_rust/Y84ZW2.png,2,png,0.0
stem_rust/IY24RW.png,2,png,2.0
stem_rust/W2JUB6.png,2,png,3.0
stem_rust/LWGF04.png,2,png,4.0
stem_rust/GZ3DJ9.png,2,png,0.0
stem_rust/M2YMPN.png,2,png,3.0
stem_rust/JWXWHG.png,2,png,0.0
stem_rust/04YCE2.png,2,png,2.0
stem_rust/WUA1U6.png,2,png,3.0
stem_rust/7JIPZE.png,2,png,0.0
stem_rust/RQF5OM.png,2,png,2.0
stem_rust/XONN0P.png,2,png,1.0
stem_rust/120LEV.png,2,png,0.0
stem_rust/WWX0LN.png,2,png,2.0
stem_rust/WE1GC0.png,2,png,3.0
stem_rust/N3PPHR.png,2,png,1.0
stem_rust/SMXQG3.png,2,png,3.0
stem_rust/Z474SF.png,2,png,0.0
stem_rust/GZKGBW.png,2,png,2.0
stem_rust/LF4RA9.png,2,png,1.0
stem_rust/C74T9S.png,2,png,2.0
stem_rust/M2JYF7.png,2,png,1.0
stem_rust/BXPXA7.png,2,png,4.0
stem_rust/F2GRJ3.png,2,png,1.0
stem_rust/RIPWRI.png,2,png,4.0
stem_rust/85RP1Z.png,2,png,0.0
stem_rust/B72F55.png,2,png,1.0
stem_rust/A9EQUP.png,2,png,0.0
stem_rust/4MRZJO.png,2,png,4.0
stem_rust/H8R1KU.png,2,png,3.0
stem_rust/ORZEX2.png,2,png,0.0
stem_rust/0I8NWR.png,2,png,4.0
stem_rust/B0VR65.png,2,png,3.0
stem_rust/JC5SQ6.png,2,png,2.0
stem_rust/NKMGGH.png,2,png,2.0
stem_rust/YTCBH2.png,2,png,3.0
stem_rust/4HPNQR.png,2,png,1.0
stem_rust/65XWCM.png,2,png,0.0
stem_rust/2C20JO.png,2,png,1.0
stem_rust/Q4Q2T5.png,2,png,1.0
stem_rust/6VM9YC.png,2,png,4.0
stem_rust/C5YOGW.png,2,png,2.0
stem_rust/XFVHN1.png,2,png,0.0
stem_rust/59FBYS.png,2,png,1.0
stem_rust/7RIKI9.png,2,png,0.0
stem_rust/2RCVZ9.png,2,png,0.0
stem_rust/84YCLL.png,2,png,4.0
stem_rust/B3TVHT.png,2,png,3.0
stem_rust/3TZ5AZ.png,2,png,4.0
stem_rust/23ZAZ8.png,2,png,3.0
stem_rust/31ZSGD.png,2,png,0.0
stem_rust/3IDAF0.png,2,png,0.0
stem_rust/J099DZ.png,2,png,4.0
stem_rust/026AEH.png,2,png,4.0
stem_rust/MRYFQT.png,2,png,3.0
stem_rust/72165R.png,2,png,2.0
stem_rust/GAZ8Q5.png,2,png,3.0
stem_rust/NDBROB.png,2,png,3.0
stem_rust/CMBUFU.png,2,png,0.0
stem_rust/5TJWR8.png,2,png,1.0
stem_rust/OXB7BD.png,2,png,4.0
stem_rust/FPOY3C.png,2,png,1.0
stem_rust/81QY5L.png,2,png,0.0
stem_rust/9SN5B9.png,2,png,0.0
stem_rust/QUMDJO.png,2,png,1.0
stem_rust/LRI72E.png,2,png,2.0
